experiment,n_components,ground_truth,joint_proportions,joint_cost,joint_time,joint_features,joint_l1_error,joint_l2_error,joint_max_error,simple_proportions,simple_cost,simple_ws_uniform,simple_time,simple_iterations,simple_converged,simple_l1_error,simple_l2_error,simple_max_error,gt_Pinene,joint_Pinene,simple_Pinene,gt_Benzyl benzoate,joint_Benzyl benzoate,simple_Benzyl benzoate
experiment_1,2,"[0.09088457406472417, 0.9091154259352758]","[0.17351170590171264, 0.8264882940982874]",0.572674155792086,51.69989609718323,4921,0.16525426367397691,0.11685241046385883,0.08262713183698847,"[0.0031367864684614315, 0.9968632135315386]",0.5392661178773666,2.360110675314844,0.20860981941223145,137,True,0.1754955751925255,0.12409411128686844,0.08774778759626278,0.09088457406472417,0.17351170590171264,0.0031367864684614315,0.9091154259352758,0.8264882940982874,0.9968632135315386
